mid,name
/m/011k07,tortoise
/m/011q46kg,container
/m/012074,magpie
/m/01226z,football
/m/012n7d,ambulance
/m/012w5l,ladder
/m/012xff,toothbrush
/m/012ysf,syringe
/m/0130jx,sink
/m/0138tl,toy
/m/013y1f,organ
/m/014j1m,apple
/m/014trl,cosmetics
/m/014y4n,paddle
/m/0152hh,snowman
/m/01599,beer
/m/01_5g,chopsticks
/m/015p6,bird
/m/015wgc,croissant
/m/015x4r,cucumber
/m/015x5n,radish
/m/0162_1,towel
/m/0167gd,doll
/m/016m2d,skull
/m/0174n1,glove
/m/0175cv,tick
/m/0176mf,belt
/m/017ftj,sunglasses
/m/018j2,banjo
/m/018p4k,cart
/m/018xm,ball
/m/01940j,backpack
/m/0199g,bicycle
/m/019h78,centipede
/m/019jd,boat
/m/019w40,surfboard
/m/01b638,boot
/m/01b7fy,headphones
/m/01bfm9,shorts
/m/01bjv,bus
/m/01bl7v,boy
/m/01bms0,screwdriver
/m/01btn,barge
/m/01c648,laptop
/m/01cmb2,miniskirt
/m/01d380,drill
/m/01d40f,dress
/m/01dws,bear
/m/01dwsz,waffle
/m/01dwwc,pancake
/m/01dy8n,woodpecker
/m/01f91_,pretzel
/m/01fb_0,bagel
/m/01fdzj,tower
/m/01fh4r,teapot
/m/01g317,person
/m/01gkx_,swimwear
/m/01gllr,beehive
/m/01gmv2,brassiere
/m/01h3n,bee
/m/01h44,bat
/m/01h8tj,starfish
/m/01hrv5,popcorn
/m/01j3zr,burrito
/m/01j4z9,chainsaw
/m/01j51,balloon
/m/01j5ks,wrench
/m/01j61q,tent
/m/01jfsr,lantern
/m/01k6s3,toaster
/m/01kb5b,flashlight
/m/01knjb,billboard
/m/01krhy,tiara
/m/01lcw4,limousine
/m/01llwg,necklace
/m/01lrl,carnivore
/m/01lsmm,scissors
/m/01lynh,stairs
/m/01m4t,printer
/m/01mzpv,chair
/m/01n4qj,shirt
/m/01n5jq,poster
/m/01nkt,cheese
/m/01nq26,sock
/m/01r546,earrings
/m/01rkbr,tie
/m/01rzcn,watercraft
/m/01s105,cabinetry
/m/01s55n,suitcase
/m/01tcjp,muffin
/m/01vbnl,bidet
/m/01ww8y,snack
/m/01x3jk,snowmobile
/m/01x3z,clock
/m/01xq0k1,cattle
/m/01xqw,cello
/m/01x_v,camel
/m/01xygc,coat
/m/01xyhv,suit
/m/01y9k5,desk
/m/01yrx,cat
/m/01z1kdw,juice
/m/02068x,gondola
/m/020jm,beetle
/m/020kz,cannon
/m/021mn,cookie
/m/0220r2,fountain
/m/0242l,coin
/m/024d2,calculator
/m/024g6,cocktail
/m/025dyy,box
/m/025fsf,stapler
/m/026t6,drum
/m/0270h,dessert
/m/0271t,drink
/m/027pcv,zucchini
/m/027rl48,ladle
/m/029b3,dice
/m/029bxz,oven
/m/029tx,dinosaur
/m/02bm9n,ratchet
/m/02crq1,couch
/m/02d1br,spatula
/m/02d9qx,whiteboard
/m/02dgv,door
/m/02dl1y,hat
/m/02f9f_,shower
/m/02fh7f,eraser
/m/02fq_6,fedora
/m/02g30s,guacamole
/m/02gzp,dagger
/m/02h19r,scarf
/m/02hj4,dolphin
/m/02jfl0,sombrero
/m/02jvh9,mug
/m/02jz0l,tap
/m/02lbcq,stretcher
/m/02_n6y,goggles
/m/02pjr4,blender
/m/02rgn06,volleyball
/m/02s195,vase
/m/02vkqh8,wardrobe
/m/02vqfm,coffee
/m/02vwcm,whisk
/m/02wbm,food
/m/02wv6h6,skirt
/m/02xqq,fax
/m/02xwb,fruit
/m/02z51p,nightstand
/m/02zn6n,barrel
/m/02zt3,kite
/m/02zvsm,tart
/m/030610,treadmill
/m/0306r,fox
/m/03120,flag
/m/032b3c,jacket
/m/033cnk,egg
/m/0342h,guitar
/m/034c16,pillow
/m/035vxb,isopod
/m/0388q,grape
/m/03bj1,panda
/m/03bk1,giraffe
/m/03bt1vf,woman
/m/03d443,rhinoceros
/m/03dnzn,bathtub
/m/03fj2,goldfish
/m/03fp41,houseplant
/m/03fwl,goat
/m/03jm5,house
/m/03k3r,horse
/m/03l9g,hammer
/m/03m5k,harp
/m/03nfch,sandal
/m/03q5c7,saucer
/m/03q5t,harpsichord
/m/03qhv5,heater
/m/03qjg,harmonica
/m/03qrc,hamster
/m/03rszm,curtain
/m/03ssj5,bed
/m/03s_tn,kettle
/m/03tw93,fireplace
/m/03txqz,scale
/m/03vt0,insect
/m/03_wxk,kitchenware
/m/03xxp,invertebrate
/m/03__z0,bookcase
/m/040b_t,refrigerator
/m/0449p,jaguar
/m/047v4b,artichoke
/m/04bcr3,table
/m/04brg2,tableware
/m/04c0y,kangaroo
/m/04cp_,koala
/m/04ctx,knife
/m/04dr76w,bottle
/m/04g2r,lynx
/m/04gth,lavender
/m/04h7h,lighthouse
/m/04h8sr,dumbbell
/m/04kkgm,bowl
/m/04lvq_,humidifier
/m/04m6gz,porch
/m/04m9y,lizard
/m/04rky,mammal
/m/04rmv,mouse
/m/04_sv,motorcycle
/m/04vv5k,snowplow
/m/04ylt,missile
/m/04yqq2,bust
/m/04yx4,man
/m/04zpv,milk
/m/050gv4,plate
/m/052sf,mushroom
/m/05441v,crutch
/m/054fyh,pitcher
/m/054_l,mirror
/m/057p5t,scoreboard
/m/0584n8,briefcase
/m/05bm6,nail
/m/05kms,oboe
/m/05n4y,ostrich
/m/05r5c,piano
/m/05r655,girl
/m/05s2s,plant
/m/05vtc,potato
/m/05z55,pasta
/m/05z6w,penguin
/m/05zsy,pumpkin
/m/061_f,pear
/m/063rgb,mixer
/m/0642b4,cupboard
/m/065h6l,jacuzzi
/m/0663v,pizza
/m/068zj,pig
/m/06bt6,reptile
/m/06c54,rifle
/m/06c7f7,lipstick
/m/06_fw,skateboard
/m/06j2d,raven
/m/06m11,rose
/m/06mf6,rabbit
/m/06msq,sculpture
/m/06ncr,saxophone
/m/06nrc,shotgun
/m/06nwz,seafood
/m/06__v,snowboard
/m/06y5r,sword
/m/07030,sushi
/m/0703r8,loveseat
/m/071p9,ski
/m/071qp,squirrel
/m/073bxn,tripod
/m/073g6,stethoscope
/m/074d1,submarine
/m/0755b,scorpion
/m/076bq,segway
/m/078jl,snake
/m/079cl,skyscraper
/m/07bgp,sheep
/m/07c52,television
/m/07c6l,trombone
/m/07clx,tea
/m/07cmd,tank
/m/07crc,taco
/m/07cx4,telephone
/m/07dd4,torch
/m/07dm6,tiger
/m/07fbm7,strawberry
/m/07gql,trumpet
/m/07j7r,tree
/m/07j87,tomato
/m/07jdr,train
/m/07k1x,tool
/m/07mhn,trousers
/m/07r04,truck
/m/07xyvk,coffeemaker
/m/07y_7,violin
/m/07yv9,vehicle
/m/080hkjn,handbag
/m/081qc,wine
/m/083kb,weapon
/m/083wq,wheel
/m/084hf,worm
/m/084rd,wok
/m/084zz,whale
/m/0898b,zebra
/m/08hvt4,jug
/m/08p92x,cream
/m/08pbxl,monkey
/m/096mb,lion
/m/09728,bread
/m/099ssp,platter
/m/09b5t,chicken
/m/09csl,eagle
/m/09ct_,helicopter
/m/09d5_,owl
/m/09ddx,duck
/m/09dzg,turtle
/m/09f20,hippopotamus
/m/09f_2,crocodile
/m/09g1w,toilet
/m/09gys,squid
/m/09j2d,clothing
/m/09j5n,footwear
/m/09k_b,lemon
/m/09kmb,spider
/m/09kx5,deer
/m/09ld4,frog
/m/09qck,banana
/m/09rvcxw,rocket
/m/0b3fp9,countertop
/m/0bt9lr,dog
/m/0bt_c3,book
/m/0bwd_0j,elephant
/m/0by6g,shark
/m/0c06p,candle
/m/0c29q,leopard
/m/0c2jj,axe
/m/0c568,porcupine
/m/0c9ph5,flower
/m/0ccs93,canary
/m/0cd4d,cheetah
/m/0cdn1,hamburger
/m/0cffdh,maple
/m/0cgh4,building
/m/0ch_cf,fish
/m/0cjq5,lobster
/m/0c_jw,furniture
/m/0cl4p,hedgehog
/m/0cmf2,airplane
/m/0cmx8,spoon
/m/0cn6p,otter
/m/0cnyhnx,bull
/m/0_cp5,oyster
/m/0ct4f,bomb
/m/0cvnqh,bench
/m/0cydv,caterpillar
/m/0cyf8,butterfly
/m/0cyfs,parachute
/m/0cyhj_,orange
/m/0czz2,antelope
/m/0d20w4,beaker
/m/0d4v4,window
/m/0d4w1,closet
/m/0d5gx,castle
/m/0d8zb,jellyfish
/m/0dbvp,goose
/m/0dbzx,mule
/m/0dftk,swan
/m/0dj6p,peach
/m/0djtd,coconut
/m/0dq75,raccoon
/m/0_dqb,chisel
/m/0dt3t,fork
/m/0dtln,lamp
/m/0dv5r,camera
/m/0dv77,squash
/m/0dv9c,racket
/m/0f4s2w,vegetable
/m/0f571,diaper
/m/0f6nr,unicycle
/m/0f6wt,falcon
/m/0f8s22,chime
/m/0f9_l,snail
/m/0fbdv,shellfish
/m/0fbw6,cabbage
/m/0fj52s,carrot
/m/0fldg,mango
/m/0fly7,jeans
/m/0fm3zh,flowerpot
/m/0fp6w,pineapple
/m/0fqfqc,drawer
/m/0fqt361,stool
/m/0frqm,envelope
/m/0fszt,cake
/m/0ft9s,dragonfly
/m/0fz0h,honeycomb
/m/0gj37,ladybug
/m/0gjbg72,shelf
/m/0gjkl,watch
/m/0gm28,candy
/m/0grw1,salad
/m/0gv1x,parrot
/m/0gxl3,handgun
/m/0h23m,sparrow
/m/0h2r6,van
/m/0h8jyh6,grinder
/m/0h9mv,tire
/m/0hdln,ruler
/m/0hg7b,microphone
/m/0hkxq,broccoli
/m/0hnnb,umbrella
/m/0hnyx,pastry
/m/0hqkz,grapefruit
/m/0j496,band-aid
/m/0jbk,animal
/m/0jly1,turkey
/m/0jqgx,lily
/m/0jwn_,pomegranate
/m/0jy4k,doughnut
/m/0jyfg,glasses
/m/0k1tl,pen
/m/0_k2,ant
/m/0k4j,car
/m/0k5j,aircraft
/m/0km7z,skunk
/m/0kpqd,watermelon
/m/0kpt_,cantaloupe
/m/0ky7b,dishwasher
/m/0l14j_,flute
/m/0l515,sandwich
/m/0ll1f78,shrimp
/m/0lt4_,binoculars
/m/0mcx2,ipod
/m/0mkg,accordion
/m/0mw_6,willow
/m/0n28_,crab
/m/0nl46,crown
/m/0nybt,seahorse
/m/0p833,perfume
/m/0pcr,alpaca
/m/0pg52,taxi
/m/0ph39,canoe
/m/0qmmr,wheelchair
/m/0xfy,armadillo
/m/0xzly,maracas
/m/0zvk5,helmet
